customer_id,username,email,city_area,registration_date
1,user_1000,user1000@gmail.com,Indiranagar,2022-06-13
2,user_1001,user1001@gmail.com,Jayanagar,2022-10-04
3,user_1002,user1002@gmail.com,HSR Layout,2022-08-11
4,user_1003,user1003@gmail.com,Indiranagar,2023-05-13
5,user_1004,user1004@gmail.com,Bannerghatta Road,2022-07-15
6,user_1005,user1005@gmail.com,Marathahalli,2023-01-03
7,user_1006,user1006@gmail.com,Koramangala,2022-06-16
8,user_1007,user1007@gmail.com,Indiranagar,2022-09-20
9,user_1008,user1008@gmail.com,HSR Layout,2023-02-14
10,user_1009,user1009@gmail.com,Marathahalli,2022-06-14
11,user_1010,user1010@gmail.com,Bannerghatta Road,2022-09-10
12,user_1011,user1011@gmail.com,Bannerghatta Road,2023-01-01
13,user_1012,user1012@gmail.com,HSR Layout,2023-01-16
14,user_1013,user1013@gmail.com,Marathahalli,2022-10-21
15,user_1014,user1014@gmail.com,Koramangala,2023-06-24
16,user_1015,user1015@gmail.com,Whitefield,2023-05-24
17,user_1016,user1016@gmail.com,Hebbal,2022-11-22
18,user_1017,user1017@gmail.com,Jayanagar,2022-08-19
19,user_1018,user1018@gmail.com,HSR Layout,2023-06-26
20,user_1019,user1019@gmail.com,Malleshwaram,2022-07-23
21,user_1020,user1020@gmail.com,Indiranagar,2022-12-12
22,user_1021,user1021@gmail.com,Indiranagar,2022-12-01
23,user_1022,user1022@gmail.com,Malleshwaram,2023-04-06
24,user_1023,user1023@gmail.com,Jayanagar,2022-06-23
25,user_1024,user1024@gmail.com,Electronic City,2023-03-02
26,user_1025,user1025@gmail.com,Indiranagar,2022-12-11
27,user_1026,user1026@gmail.com,Indiranagar,2023-03-10
28,user_1027,user1027@gmail.com,Jayanagar,2023-04-18
29,user_1028,user1028@gmail.com,Marathahalli,2022-12-03
30,user_1029,user1029@gmail.com,Marathahalli,2022-09-07
31,user_1030,user1030@gmail.com,Indiranagar,2022-06-24
32,user_1031,user1031@gmail.com,HSR Layout,2023-07-01
33,user_1032,user1032@gmail.com,Jayanagar,2022-07-11
34,user_1033,user1033@gmail.com,HSR Layout,2022-07-22
35,user_1034,user1034@gmail.com,Hebbal,2022-10-21
36,user_1035,user1035@gmail.com,Electronic City,2023-04-22
37,user_1036,user1036@gmail.com,Malleshwaram,2022-08-23
38,user_1037,user1037@gmail.com,Malleshwaram,2022-11-29
39,user_1038,user1038@gmail.com,HSR Layout,2023-05-10
40,user_1039,user1039@gmail.com,Jayanagar,2023-05-26
41,user_1040,user1040@gmail.com,Indiranagar,2023-04-08
42,user_1041,user1041@gmail.com,Whitefield,2023-03-01
43,user_1042,user1042@gmail.com,HSR Layout,2022-08-23
44,user_1043,user1043@gmail.com,Electronic City,2022-12-12
45,user_1044,user1044@gmail.com,Jayanagar,2023-04-24
46,user_1045,user1045@gmail.com,Bannerghatta Road,2022-09-21
47,user_1046,user1046@gmail.com,Malleshwaram,2023-06-29
48,user_1047,user1047@gmail.com,Koramangala,2022-09-26
49,user_1048,user1048@gmail.com,Koramangala,2022-11-09
50,user_1049,user1049@gmail.com,Hebbal,2022-10-16
51,user_1050,user1050@gmail.com,Indiranagar,2022-09-17
52,user_1051,user1051@gmail.com,Marathahalli,2023-06-03
53,user_1052,user1052@gmail.com,Malleshwaram,2022-09-17
54,user_1053,user1053@gmail.com,Electronic City,2022-12-20
55,user_1054,user1054@gmail.com,Electronic City,2022-08-13
56,user_1055,user1055@gmail.com,Jayanagar,2022-08-11
57,user_1056,user1056@gmail.com,HSR Layout,2023-06-17
58,user_1057,user1057@gmail.com,Bannerghatta Road,2023-03-03
59,user_1058,user1058@gmail.com,Jayanagar,2023-06-18
60,user_1059,user1059@gmail.com,Marathahalli,2023-01-06
61,user_1060,user1060@gmail.com,Marathahalli,2022-12-22
62,user_1061,user1061@gmail.com,Malleshwaram,2022-09-21
63,user_1062,user1062@gmail.com,Whitefield,2023-02-16
64,user_1063,user1063@gmail.com,Electronic City,2022-07-17
65,user_1064,user1064@gmail.com,Koramangala,2022-07-27
66,user_1065,user1065@gmail.com,Whitefield,2023-04-18
67,user_1066,user1066@gmail.com,Whitefield,2023-05-15
68,user_1067,user1067@gmail.com,Hebbal,2023-04-02
69,user_1068,user1068@gmail.com,Indiranagar,2022-12-15
70,user_1069,user1069@gmail.com,Hebbal,2023-04-02
71,user_1070,user1070@gmail.com,Electronic City,2023-02-26
72,user_1071,user1071@gmail.com,Jayanagar,2023-03-11
73,user_1072,user1072@gmail.com,Koramangala,2023-05-15
74,user_1073,user1073@gmail.com,Indiranagar,2023-05-16
75,user_1074,user1074@gmail.com,Bannerghatta Road,2023-06-20
76,user_1075,user1075@gmail.com,Jayanagar,2023-06-29
77,user_1076,user1076@gmail.com,Malleshwaram,2022-07-28
78,user_1077,user1077@gmail.com,Jayanagar,2023-01-09
79,user_1078,user1078@gmail.com,Whitefield,2023-01-19
80,user_1079,user1079@gmail.com,Koramangala,2023-06-05
81,user_1080,user1080@gmail.com,Jayanagar,2023-02-12
82,user_1081,user1081@gmail.com,Whitefield,2023-02-15
83,user_1082,user1082@gmail.com,Indiranagar,2023-04-17
84,user_1083,user1083@gmail.com,Jayanagar,2023-04-24
85,user_1084,user1084@gmail.com,Bannerghatta Road,2023-04-08
86,user_1085,user1085@gmail.com,HSR Layout,2022-08-18
87,user_1086,user1086@gmail.com,Malleshwaram,2023-06-26
88,user_1087,user1087@gmail.com,Whitefield,2023-03-04
89,user_1088,user1088@gmail.com,Bannerghatta Road,2022-06-01
90,user_1089,user1089@gmail.com,Marathahalli,2022-11-13
91,user_1090,user1090@gmail.com,Electronic City,2022-06-10
92,user_1091,user1091@gmail.com,Indiranagar,2022-12-03
93,user_1092,user1092@gmail.com,Jayanagar,2022-10-01
94,user_1093,user1093@gmail.com,Koramangala,2022-10-02
95,user_1094,user1094@gmail.com,Marathahalli,2022-07-11
96,user_1095,user1095@gmail.com,Indiranagar,2023-06-10
97,user_1096,user1096@gmail.com,Electronic City,2022-07-06
98,user_1097,user1097@gmail.com,Bannerghatta Road,2023-06-28
99,user_1098,user1098@gmail.com,Whitefield,2022-08-05
100,user_1099,user1099@gmail.com,Electronic City,2023-03-09
101,user_1100,user1100@gmail.com,Whitefield,2022-10-14
102,user_1101,user1101@gmail.com,Bannerghatta Road,2023-04-07
103,user_1102,user1102@gmail.com,Hebbal,2022-09-17
104,user_1103,user1103@gmail.com,Bannerghatta Road,2023-06-22
105,user_1104,user1104@gmail.com,HSR Layout,2023-06-01
106,user_1105,user1105@gmail.com,Jayanagar,2022-12-22
107,user_1106,user1106@gmail.com,Malleshwaram,2023-01-11
108,user_1107,user1107@gmail.com,Bannerghatta Road,2023-01-18
109,user_1108,user1108@gmail.com,Indiranagar,2022-10-05
110,user_1109,user1109@gmail.com,HSR Layout,2022-07-03
111,user_1110,user1110@gmail.com,Malleshwaram,2022-06-11
112,user_1111,user1111@gmail.com,Marathahalli,2023-03-11
113,user_1112,user1112@gmail.com,HSR Layout,2023-03-29
114,user_1113,user1113@gmail.com,HSR Layout,2022-06-04
115,user_1114,user1114@gmail.com,Indiranagar,2023-05-29
116,user_1115,user1115@gmail.com,Koramangala,2022-09-26
117,user_1116,user1116@gmail.com,Indiranagar,2022-06-17
118,user_1117,user1117@gmail.com,Malleshwaram,2022-07-07
119,user_1118,user1118@gmail.com,Bannerghatta Road,2022-09-30
120,user_1119,user1119@gmail.com,Jayanagar,2023-05-09
121,user_1120,user1120@gmail.com,Electronic City,2022-09-18
122,user_1121,user1121@gmail.com,Bannerghatta Road,2022-08-07
123,user_1122,user1122@gmail.com,Marathahalli,2023-03-23
124,user_1123,user1123@gmail.com,Electronic City,2022-10-03
125,user_1124,user1124@gmail.com,Electronic City,2022-12-26
126,user_1125,user1125@gmail.com,HSR Layout,2022-07-19
127,user_1126,user1126@gmail.com,Indiranagar,2023-05-04
128,user_1127,user1127@gmail.com,Hebbal,2022-11-29
129,user_1128,user1128@gmail.com,Hebbal,2022-12-28
130,user_1129,user1129@gmail.com,Electronic City,2023-06-09
131,user_1130,user1130@gmail.com,Koramangala,2023-05-11
132,user_1131,user1131@gmail.com,Indiranagar,2022-07-02
133,user_1132,user1132@gmail.com,Hebbal,2023-06-08
134,user_1133,user1133@gmail.com,Malleshwaram,2022-07-26
135,user_1134,user1134@gmail.com,HSR Layout,2022-09-07
136,user_1135,user1135@gmail.com,HSR Layout,2023-03-02
137,user_1136,user1136@gmail.com,Electronic City,2022-08-11
138,user_1137,user1137@gmail.com,Hebbal,2022-09-02
139,user_1138,user1138@gmail.com,Jayanagar,2023-01-23
140,user_1139,user1139@gmail.com,HSR Layout,2022-07-09
141,user_1140,user1140@gmail.com,Electronic City,2023-03-09
142,user_1141,user1141@gmail.com,Indiranagar,2022-06-26
143,user_1142,user1142@gmail.com,Bannerghatta Road,2022-06-08
144,user_1143,user1143@gmail.com,Indiranagar,2023-06-21
145,user_1144,user1144@gmail.com,HSR Layout,2022-08-25
146,user_1145,user1145@gmail.com,Hebbal,2023-02-04
147,user_1146,user1146@gmail.com,Electronic City,2022-09-18
148,user_1147,user1147@gmail.com,Hebbal,2022-07-01
149,user_1148,user1148@gmail.com,Whitefield,2022-12-12
150,user_1149,user1149@gmail.com,Koramangala,2022-12-17
151,user_1150,user1150@gmail.com,Jayanagar,2023-01-19
152,user_1151,user1151@gmail.com,Jayanagar,2023-01-03
153,user_1152,user1152@gmail.com,Bannerghatta Road,2023-05-05
154,user_1153,user1153@gmail.com,Electronic City,2022-08-19
155,user_1154,user1154@gmail.com,HSR Layout,2022-10-30
156,user_1155,user1155@gmail.com,HSR Layout,2022-06-30
157,user_1156,user1156@gmail.com,Marathahalli,2023-06-12
158,user_1157,user1157@gmail.com,Bannerghatta Road,2022-07-02
159,user_1158,user1158@gmail.com,Malleshwaram,2022-06-30
160,user_1159,user1159@gmail.com,Koramangala,2023-03-27
161,user_1160,user1160@gmail.com,Electronic City,2023-02-13
162,user_1161,user1161@gmail.com,Bannerghatta Road,2022-08-20
163,user_1162,user1162@gmail.com,Koramangala,2023-02-16
164,user_1163,user1163@gmail.com,Indiranagar,2022-09-04
165,user_1164,user1164@gmail.com,Indiranagar,2023-04-01
166,user_1165,user1165@gmail.com,Indiranagar,2023-05-12
167,user_1166,user1166@gmail.com,HSR Layout,2022-12-24
168,user_1167,user1167@gmail.com,Indiranagar,2023-03-19
169,user_1168,user1168@gmail.com,HSR Layout,2023-03-24
170,user_1169,user1169@gmail.com,Marathahalli,2022-06-21
171,user_1170,user1170@gmail.com,Marathahalli,2022-07-12
172,user_1171,user1171@gmail.com,Hebbal,2023-05-03
173,user_1172,user1172@gmail.com,Marathahalli,2023-03-17
174,user_1173,user1173@gmail.com,Bannerghatta Road,2022-11-09
175,user_1174,user1174@gmail.com,Jayanagar,2022-09-13
176,user_1175,user1175@gmail.com,Malleshwaram,2022-10-01
177,user_1176,user1176@gmail.com,Jayanagar,2022-12-20
178,user_1177,user1177@gmail.com,Whitefield,2023-05-10
179,user_1178,user1178@gmail.com,Jayanagar,2023-01-21
180,user_1179,user1179@gmail.com,Malleshwaram,2023-06-20
181,user_1180,user1180@gmail.com,Indiranagar,2022-06-05
182,user_1181,user1181@gmail.com,Electronic City,2023-04-15
183,user_1182,user1182@gmail.com,Marathahalli,2022-07-22
184,user_1183,user1183@gmail.com,Indiranagar,2023-03-03
185,user_1184,user1184@gmail.com,HSR Layout,2023-02-15
186,user_1185,user1185@gmail.com,Jayanagar,2022-08-07
187,user_1186,user1186@gmail.com,Malleshwaram,2022-07-06
188,user_1187,user1187@gmail.com,HSR Layout,2022-12-07
189,user_1188,user1188@gmail.com,Jayanagar,2022-08-20
190,user_1189,user1189@gmail.com,Electronic City,2023-03-06
191,user_1190,user1190@gmail.com,Jayanagar,2023-04-10
192,user_1191,user1191@gmail.com,Bannerghatta Road,2022-06-05
193,user_1192,user1192@gmail.com,Bannerghatta Road,2022-11-01
194,user_1193,user1193@gmail.com,Indiranagar,2022-08-08
195,user_1194,user1194@gmail.com,Jayanagar,2022-07-30
196,user_1195,user1195@gmail.com,Indiranagar,2023-06-16
197,user_1196,user1196@gmail.com,Bannerghatta Road,2022-08-19
198,user_1197,user1197@gmail.com,Jayanagar,2022-10-23
199,user_1198,user1198@gmail.com,Marathahalli,2022-09-16
200,user_1199,user1199@gmail.com,Malleshwaram,2022-09-13
201,user_1200,user1200@gmail.com,Jayanagar,2023-02-14
202,user_1201,user1201@gmail.com,Electronic City,2022-10-07
203,user_1202,user1202@gmail.com,Koramangala,2022-07-18
204,user_1203,user1203@gmail.com,Hebbal,2022-10-20
205,user_1204,user1204@gmail.com,Koramangala,2022-06-02
206,user_1205,user1205@gmail.com,Malleshwaram,2023-06-30
207,user_1206,user1206@gmail.com,Whitefield,2023-04-23
208,user_1207,user1207@gmail.com,Jayanagar,2022-08-22
209,user_1208,user1208@gmail.com,Electronic City,2023-03-10
210,user_1209,user1209@gmail.com,Hebbal,2023-03-15
211,user_1210,user1210@gmail.com,Koramangala,2022-07-28
212,user_1211,user1211@gmail.com,Indiranagar,2023-05-20
213,user_1212,user1212@gmail.com,Whitefield,2023-03-07
214,user_1213,user1213@gmail.com,Koramangala,2022-12-07
215,user_1214,user1214@gmail.com,Marathahalli,2023-03-10
216,user_1215,user1215@gmail.com,Whitefield,2023-01-07
217,user_1216,user1216@gmail.com,Whitefield,2022-06-22
218,user_1217,user1217@gmail.com,Jayanagar,2022-12-04
219,user_1218,user1218@gmail.com,Koramangala,2022-12-01
220,user_1219,user1219@gmail.com,HSR Layout,2023-05-16
221,user_1220,user1220@gmail.com,HSR Layout,2023-05-08
222,user_1221,user1221@gmail.com,Indiranagar,2022-11-29
223,user_1222,user1222@gmail.com,Bannerghatta Road,2022-12-26
224,user_1223,user1223@gmail.com,Marathahalli,2023-06-19
225,user_1224,user1224@gmail.com,Whitefield,2022-09-30
226,user_1225,user1225@gmail.com,Whitefield,2022-08-30
227,user_1226,user1226@gmail.com,Hebbal,2022-06-13
228,user_1227,user1227@gmail.com,Whitefield,2023-06-13
229,user_1228,user1228@gmail.com,Malleshwaram,2023-07-06
230,user_1229,user1229@gmail.com,Hebbal,2023-05-09
231,user_1230,user1230@gmail.com,HSR Layout,2022-10-15
232,user_1231,user1231@gmail.com,Whitefield,2023-05-26
233,user_1232,user1232@gmail.com,Indiranagar,2022-12-13
234,user_1233,user1233@gmail.com,Koramangala,2023-01-27
235,user_1234,user1234@gmail.com,HSR Layout,2022-09-11
236,user_1235,user1235@gmail.com,Electronic City,2022-11-27
237,user_1236,user1236@gmail.com,Jayanagar,2022-09-25
238,user_1237,user1237@gmail.com,HSR Layout,2022-06-13
239,user_1238,user1238@gmail.com,HSR Layout,2022-12-22
240,user_1239,user1239@gmail.com,Malleshwaram,2022-10-21
241,user_1240,user1240@gmail.com,Indiranagar,2023-07-01
242,user_1241,user1241@gmail.com,Jayanagar,2022-11-27
243,user_1242,user1242@gmail.com,Bannerghatta Road,2022-12-22
244,user_1243,user1243@gmail.com,Bannerghatta Road,2022-11-17
245,user_1244,user1244@gmail.com,Koramangala,2022-07-30
246,user_1245,user1245@gmail.com,Jayanagar,2022-08-31
247,user_1246,user1246@gmail.com,Marathahalli,2022-10-14
248,user_1247,user1247@gmail.com,Koramangala,2022-07-26
249,user_1248,user1248@gmail.com,Marathahalli,2023-01-09
250,user_1249,user1249@gmail.com,Malleshwaram,2023-06-09
251,user_1250,user1250@gmail.com,Malleshwaram,2023-01-10
252,user_1251,user1251@gmail.com,Marathahalli,2023-02-17
253,user_1252,user1252@gmail.com,Indiranagar,2022-12-15
254,user_1253,user1253@gmail.com,Marathahalli,2022-09-06
255,user_1254,user1254@gmail.com,Jayanagar,2022-06-23
256,user_1255,user1255@gmail.com,Hebbal,2022-06-01
257,user_1256,user1256@gmail.com,Bannerghatta Road,2023-03-03
258,user_1257,user1257@gmail.com,HSR Layout,2022-12-04
259,user_1258,user1258@gmail.com,Hebbal,2022-07-06
260,user_1259,user1259@gmail.com,Malleshwaram,2023-04-16
261,user_1260,user1260@gmail.com,Malleshwaram,2023-05-06
262,user_1261,user1261@gmail.com,Indiranagar,2023-06-04
263,user_1262,user1262@gmail.com,Jayanagar,2023-02-15
264,user_1263,user1263@gmail.com,Jayanagar,2023-05-08
265,user_1264,user1264@gmail.com,Hebbal,2022-11-15
266,user_1265,user1265@gmail.com,Hebbal,2023-05-23
267,user_1266,user1266@gmail.com,Jayanagar,2023-03-11
268,user_1267,user1267@gmail.com,Whitefield,2022-09-07
269,user_1268,user1268@gmail.com,Hebbal,2023-05-07
270,user_1269,user1269@gmail.com,Hebbal,2023-05-13
271,user_1270,user1270@gmail.com,Whitefield,2023-04-12
272,user_1271,user1271@gmail.com,Marathahalli,2022-11-02
273,user_1272,user1272@gmail.com,Hebbal,2023-03-08
274,user_1273,user1273@gmail.com,Koramangala,2022-11-03
275,user_1274,user1274@gmail.com,Jayanagar,2022-09-16
276,user_1275,user1275@gmail.com,Hebbal,2023-03-24
277,user_1276,user1276@gmail.com,Marathahalli,2023-05-02
278,user_1277,user1277@gmail.com,Malleshwaram,2023-01-25
279,user_1278,user1278@gmail.com,Electronic City,2023-01-13
280,user_1279,user1279@gmail.com,HSR Layout,2023-02-17
281,user_1280,user1280@gmail.com,Electronic City,2023-06-12
282,user_1281,user1281@gmail.com,Whitefield,2023-05-04
283,user_1282,user1282@gmail.com,Indiranagar,2022-10-24
284,user_1283,user1283@gmail.com,Bannerghatta Road,2023-05-06
285,user_1284,user1284@gmail.com,Marathahalli,2022-11-19
286,user_1285,user1285@gmail.com,Indiranagar,2023-06-20
287,user_1286,user1286@gmail.com,HSR Layout,2023-05-11
288,user_1287,user1287@gmail.com,Jayanagar,2022-09-24
289,user_1288,user1288@gmail.com,HSR Layout,2022-08-15
290,user_1289,user1289@gmail.com,Koramangala,2022-06-24
291,user_1290,user1290@gmail.com,HSR Layout,2023-01-30
292,user_1291,user1291@gmail.com,Marathahalli,2023-06-29
293,user_1292,user1292@gmail.com,Indiranagar,2023-01-20
294,user_1293,user1293@gmail.com,Hebbal,2023-04-19
295,user_1294,user1294@gmail.com,Marathahalli,2022-09-08
296,user_1295,user1295@gmail.com,Hebbal,2023-02-09
297,user_1296,user1296@gmail.com,Hebbal,2022-10-03
298,user_1297,user1297@gmail.com,Whitefield,2023-05-02
299,user_1298,user1298@gmail.com,Koramangala,2023-06-20
300,user_1299,user1299@gmail.com,Indiranagar,2023-07-04
301,user_1300,user1300@gmail.com,Hebbal,2022-09-21
302,user_1301,user1301@gmail.com,Whitefield,2023-05-23
303,user_1302,user1302@gmail.com,Bannerghatta Road,2023-01-24
304,user_1303,user1303@gmail.com,Koramangala,2023-03-13
305,user_1304,user1304@gmail.com,HSR Layout,2022-08-02
306,user_1305,user1305@gmail.com,Electronic City,2022-08-08
307,user_1306,user1306@gmail.com,Electronic City,2023-05-08
308,user_1307,user1307@gmail.com,Bannerghatta Road,2023-03-14
309,user_1308,user1308@gmail.com,Marathahalli,2022-11-10
310,user_1309,user1309@gmail.com,Electronic City,2023-04-10
311,user_1310,user1310@gmail.com,Bannerghatta Road,2023-01-05
312,user_1311,user1311@gmail.com,Bannerghatta Road,2023-01-15
313,user_1312,user1312@gmail.com,Whitefield,2023-06-16
314,user_1313,user1313@gmail.com,Electronic City,2023-01-17
315,user_1314,user1314@gmail.com,Jayanagar,2023-06-20
316,user_1315,user1315@gmail.com,HSR Layout,2023-04-23
317,user_1316,user1316@gmail.com,Jayanagar,2023-06-28
318,user_1317,user1317@gmail.com,Bannerghatta Road,2023-02-04
319,user_1318,user1318@gmail.com,HSR Layout,2022-10-19
320,user_1319,user1319@gmail.com,Electronic City,2022-07-10
321,user_1320,user1320@gmail.com,Jayanagar,2022-09-29
322,user_1321,user1321@gmail.com,Jayanagar,2022-11-19
323,user_1322,user1322@gmail.com,Malleshwaram,2023-03-04
324,user_1323,user1323@gmail.com,Indiranagar,2022-08-10
325,user_1324,user1324@gmail.com,Whitefield,2022-09-27
326,user_1325,user1325@gmail.com,Hebbal,2023-05-22
327,user_1326,user1326@gmail.com,Whitefield,2023-05-28
328,user_1327,user1327@gmail.com,HSR Layout,2022-07-03
329,user_1328,user1328@gmail.com,Hebbal,2022-12-26
330,user_1329,user1329@gmail.com,Malleshwaram,2023-03-05
331,user_1330,user1330@gmail.com,Electronic City,2022-12-30
332,user_1331,user1331@gmail.com,Koramangala,2022-09-14
333,user_1332,user1332@gmail.com,Hebbal,2022-12-17
334,user_1333,user1333@gmail.com,Marathahalli,2023-05-23
335,user_1334,user1334@gmail.com,Koramangala,2023-06-27
336,user_1335,user1335@gmail.com,Marathahalli,2022-12-12
337,user_1336,user1336@gmail.com,Electronic City,2022-06-04
338,user_1337,user1337@gmail.com,Malleshwaram,2022-10-31
339,user_1338,user1338@gmail.com,Hebbal,2023-01-01
340,user_1339,user1339@gmail.com,Bannerghatta Road,2023-06-18
341,user_1340,user1340@gmail.com,Bannerghatta Road,2023-04-05
342,user_1341,user1341@gmail.com,HSR Layout,2023-02-05
343,user_1342,user1342@gmail.com,HSR Layout,2022-10-18
344,user_1343,user1343@gmail.com,Hebbal,2023-02-04
345,user_1344,user1344@gmail.com,Koramangala,2022-12-17
346,user_1345,user1345@gmail.com,Malleshwaram,2023-05-09
347,user_1346,user1346@gmail.com,Hebbal,2023-06-06
348,user_1347,user1347@gmail.com,Whitefield,2023-01-26
349,user_1348,user1348@gmail.com,Whitefield,2023-04-15
350,user_1349,user1349@gmail.com,Bannerghatta Road,2022-06-14
351,user_1350,user1350@gmail.com,Hebbal,2023-03-31
352,user_1351,user1351@gmail.com,Marathahalli,2023-05-06
353,user_1352,user1352@gmail.com,Koramangala,2022-07-13
354,user_1353,user1353@gmail.com,Hebbal,2022-08-09
355,user_1354,user1354@gmail.com,Electronic City,2022-09-02
356,user_1355,user1355@gmail.com,Koramangala,2022-10-12
357,user_1356,user1356@gmail.com,Hebbal,2022-11-15
358,user_1357,user1357@gmail.com,HSR Layout,2023-01-19
359,user_1358,user1358@gmail.com,Malleshwaram,2022-11-20
360,user_1359,user1359@gmail.com,Hebbal,2022-10-21
361,user_1360,user1360@gmail.com,Hebbal,2022-10-08
362,user_1361,user1361@gmail.com,Indiranagar,2023-01-27
363,user_1362,user1362@gmail.com,Koramangala,2023-06-19
364,user_1363,user1363@gmail.com,Bannerghatta Road,2022-06-27
365,user_1364,user1364@gmail.com,Malleshwaram,2022-09-23
366,user_1365,user1365@gmail.com,Indiranagar,2023-07-05
367,user_1366,user1366@gmail.com,Koramangala,2023-06-22
368,user_1367,user1367@gmail.com,Koramangala,2022-10-05
369,user_1368,user1368@gmail.com,HSR Layout,2022-06-11
370,user_1369,user1369@gmail.com,Marathahalli,2022-08-18
371,user_1370,user1370@gmail.com,HSR Layout,2022-08-04
372,user_1371,user1371@gmail.com,Electronic City,2023-05-09
373,user_1372,user1372@gmail.com,Indiranagar,2023-03-16
374,user_1373,user1373@gmail.com,HSR Layout,2023-01-25
375,user_1374,user1374@gmail.com,Jayanagar,2023-06-28
376,user_1375,user1375@gmail.com,Malleshwaram,2022-08-25
377,user_1376,user1376@gmail.com,Marathahalli,2023-04-07
378,user_1377,user1377@gmail.com,Indiranagar,2023-07-04
379,user_1378,user1378@gmail.com,Whitefield,2022-11-07
380,user_1379,user1379@gmail.com,Indiranagar,2023-03-24
381,user_1380,user1380@gmail.com,Koramangala,2022-11-07
382,user_1381,user1381@gmail.com,Marathahalli,2023-05-13
383,user_1382,user1382@gmail.com,Hebbal,2022-12-21
384,user_1383,user1383@gmail.com,HSR Layout,2022-07-09
385,user_1384,user1384@gmail.com,Marathahalli,2023-05-20
386,user_1385,user1385@gmail.com,HSR Layout,2022-07-23
387,user_1386,user1386@gmail.com,Jayanagar,2023-05-17
388,user_1387,user1387@gmail.com,Marathahalli,2022-08-01
389,user_1388,user1388@gmail.com,Marathahalli,2023-07-06
390,user_1389,user1389@gmail.com,Koramangala,2022-11-25
391,user_1390,user1390@gmail.com,Bannerghatta Road,2023-01-06
392,user_1391,user1391@gmail.com,Malleshwaram,2022-07-06
393,user_1392,user1392@gmail.com,Bannerghatta Road,2023-04-28
394,user_1393,user1393@gmail.com,Malleshwaram,2022-06-07
395,user_1394,user1394@gmail.com,Hebbal,2023-02-06
396,user_1395,user1395@gmail.com,Indiranagar,2023-01-08
397,user_1396,user1396@gmail.com,Malleshwaram,2023-04-22
398,user_1397,user1397@gmail.com,Electronic City,2023-05-29
399,user_1398,user1398@gmail.com,Whitefield,2023-01-09
400,user_1399,user1399@gmail.com,Whitefield,2023-06-11
401,user_1400,user1400@gmail.com,Bannerghatta Road,2023-04-30
402,user_1401,user1401@gmail.com,Jayanagar,2023-04-12
403,user_1402,user1402@gmail.com,Bannerghatta Road,2023-07-02
404,user_1403,user1403@gmail.com,Electronic City,2023-01-25
405,user_1404,user1404@gmail.com,Hebbal,2023-06-10
406,user_1405,user1405@gmail.com,Marathahalli,2022-10-16
407,user_1406,user1406@gmail.com,Malleshwaram,2022-10-04
408,user_1407,user1407@gmail.com,Indiranagar,2022-10-21
409,user_1408,user1408@gmail.com,Electronic City,2022-10-03
410,user_1409,user1409@gmail.com,Electronic City,2023-03-19
411,user_1410,user1410@gmail.com,Marathahalli,2023-05-09
412,user_1411,user1411@gmail.com,Hebbal,2022-11-20
413,user_1412,user1412@gmail.com,Koramangala,2023-02-09
414,user_1413,user1413@gmail.com,Malleshwaram,2022-09-02
415,user_1414,user1414@gmail.com,Electronic City,2022-09-17
416,user_1415,user1415@gmail.com,Malleshwaram,2022-10-11
417,user_1416,user1416@gmail.com,Malleshwaram,2022-10-22
418,user_1417,user1417@gmail.com,Marathahalli,2023-05-26
419,user_1418,user1418@gmail.com,Jayanagar,2023-03-12
420,user_1419,user1419@gmail.com,Koramangala,2023-02-20
421,user_1420,user1420@gmail.com,HSR Layout,2022-07-14
422,user_1421,user1421@gmail.com,HSR Layout,2023-06-04
423,user_1422,user1422@gmail.com,Hebbal,2023-02-06
424,user_1423,user1423@gmail.com,Bannerghatta Road,2023-06-24
425,user_1424,user1424@gmail.com,HSR Layout,2023-05-20
426,user_1425,user1425@gmail.com,Electronic City,2023-04-27
427,user_1426,user1426@gmail.com,Electronic City,2023-01-16
428,user_1427,user1427@gmail.com,Koramangala,2022-07-18
429,user_1428,user1428@gmail.com,Jayanagar,2022-09-22
430,user_1429,user1429@gmail.com,Hebbal,2023-05-21
431,user_1430,user1430@gmail.com,HSR Layout,2022-11-04
432,user_1431,user1431@gmail.com,Marathahalli,2022-12-06
433,user_1432,user1432@gmail.com,Electronic City,2023-03-11
434,user_1433,user1433@gmail.com,Bannerghatta Road,2022-11-24
435,user_1434,user1434@gmail.com,Hebbal,2023-06-17
436,user_1435,user1435@gmail.com,Bannerghatta Road,2022-11-17
437,user_1436,user1436@gmail.com,Malleshwaram,2023-05-26
438,user_1437,user1437@gmail.com,Electronic City,2022-10-17
439,user_1438,user1438@gmail.com,Jayanagar,2022-10-07
440,user_1439,user1439@gmail.com,HSR Layout,2022-08-01
441,user_1440,user1440@gmail.com,HSR Layout,2022-11-09
442,user_1441,user1441@gmail.com,Indiranagar,2023-06-16
443,user_1442,user1442@gmail.com,Bannerghatta Road,2023-06-26
444,user_1443,user1443@gmail.com,Whitefield,2022-09-07
445,user_1444,user1444@gmail.com,HSR Layout,2023-06-14
446,user_1445,user1445@gmail.com,Electronic City,2022-10-20
447,user_1446,user1446@gmail.com,Marathahalli,2023-06-25
448,user_1447,user1447@gmail.com,Bannerghatta Road,2023-04-02
449,user_1448,user1448@gmail.com,Jayanagar,2022-07-22
450,user_1449,user1449@gmail.com,HSR Layout,2022-10-30
451,user_1450,user1450@gmail.com,HSR Layout,2022-12-02
452,user_1451,user1451@gmail.com,Whitefield,2022-11-02
453,user_1452,user1452@gmail.com,Koramangala,2023-05-29
454,user_1453,user1453@gmail.com,Bannerghatta Road,2022-08-04
455,user_1454,user1454@gmail.com,Jayanagar,2022-06-24
456,user_1455,user1455@gmail.com,Koramangala,2023-03-11
457,user_1456,user1456@gmail.com,Jayanagar,2023-05-24
458,user_1457,user1457@gmail.com,Whitefield,2023-04-23
459,user_1458,user1458@gmail.com,Electronic City,2022-07-23
460,user_1459,user1459@gmail.com,Koramangala,2023-03-21
461,user_1460,user1460@gmail.com,Jayanagar,2023-01-27
462,user_1461,user1461@gmail.com,Electronic City,2023-01-12
463,user_1462,user1462@gmail.com,Malleshwaram,2022-09-03
464,user_1463,user1463@gmail.com,Koramangala,2022-10-08
465,user_1464,user1464@gmail.com,Electronic City,2022-07-29
466,user_1465,user1465@gmail.com,Indiranagar,2022-12-23
467,user_1466,user1466@gmail.com,Electronic City,2022-07-08
468,user_1467,user1467@gmail.com,Marathahalli,2023-04-19
469,user_1468,user1468@gmail.com,Koramangala,2022-08-17
470,user_1469,user1469@gmail.com,Whitefield,2023-03-16
471,user_1470,user1470@gmail.com,Jayanagar,2022-07-14
472,user_1471,user1471@gmail.com,HSR Layout,2022-07-31
473,user_1472,user1472@gmail.com,Bannerghatta Road,2023-06-27
474,user_1473,user1473@gmail.com,Hebbal,2023-04-07
475,user_1474,user1474@gmail.com,Marathahalli,2023-04-13
476,user_1475,user1475@gmail.com,HSR Layout,2023-07-03
477,user_1476,user1476@gmail.com,Bannerghatta Road,2022-12-12
478,user_1477,user1477@gmail.com,Electronic City,2023-01-13
479,user_1478,user1478@gmail.com,Jayanagar,2023-03-29
480,user_1479,user1479@gmail.com,Hebbal,2022-11-04
481,user_1480,user1480@gmail.com,Marathahalli,2023-04-14
482,user_1481,user1481@gmail.com,Koramangala,2023-04-09
483,user_1482,user1482@gmail.com,Indiranagar,2023-06-26
484,user_1483,user1483@gmail.com,HSR Layout,2023-04-17
485,user_1484,user1484@gmail.com,HSR Layout,2022-10-14
486,user_1485,user1485@gmail.com,Indiranagar,2022-08-20
487,user_1486,user1486@gmail.com,HSR Layout,2022-08-28
488,user_1487,user1487@gmail.com,Bannerghatta Road,2022-07-09
489,user_1488,user1488@gmail.com,Whitefield,2022-06-02
490,user_1489,user1489@gmail.com,Hebbal,2023-01-17
491,user_1490,user1490@gmail.com,Marathahalli,2023-01-27
492,user_1491,user1491@gmail.com,Jayanagar,2022-06-17
493,user_1492,user1492@gmail.com,HSR Layout,2022-10-26
494,user_1493,user1493@gmail.com,Jayanagar,2023-05-26
495,user_1494,user1494@gmail.com,Electronic City,2022-07-07
496,user_1495,user1495@gmail.com,HSR Layout,2022-10-14
497,user_1496,user1496@gmail.com,Marathahalli,2023-05-05
498,user_1497,user1497@gmail.com,HSR Layout,2023-01-04
499,user_1498,user1498@gmail.com,Indiranagar,2023-03-06
500,user_1499,user1499@gmail.com,HSR Layout,2023-04-28
